               epoch,      train/box_loss,      train/obj_loss,      train/cls_loss,   metrics/precision,      metrics/recall,     metrics/mAP_0.5,metrics/mAP_0.5:0.95,        val/box_loss,        val/obj_loss,        val/cls_loss,               x/lr0,               x/lr1,               x/lr2
                   0,             0.12435,            0.032343,                   0,          0.00043011,            0.078431,          0.00023941,           4.622e-05,             0.11997,            0.030124,                   0,              0.0946,              0.0006,              0.0006
                   1,             0.11887,            0.030913,                   0,          0.00027778,            0.058824,          0.00016128,          3.1857e-05,             0.11181,            0.030698,                   0,            0.088294,           0.0012936,           0.0012936
                   2,             0.10819,            0.031927,                   0,           0.0002963,            0.078431,          0.00020339,          3.4055e-05,              0.1045,             0.03069,                   0,             0.08198,           0.0019802,           0.0019802
                   3,             0.10242,            0.029825,                   0,           0.0003268,            0.098039,           0.0002945,          5.0979e-05,            0.097695,            0.030263,                   0,             0.07566,           0.0026599,           0.0026599
                   4,            0.097387,            0.025953,                   0,           0.0010458,             0.31373,           0.0022099,          0.00043877,             0.09363,            0.029487,                   0,            0.069333,           0.0033327,           0.0033327
                   5,             0.10033,            0.028531,                   0,          0.00091503,             0.27451,           0.0022049,          0.00042606,            0.089525,            0.028188,                   0,            0.062999,           0.0039985,           0.0039985
                   6,            0.092863,            0.025686,                   0,           0.0013072,             0.39216,           0.0042727,          0.00070185,            0.086724,            0.027313,                   0,            0.056657,           0.0046574,           0.0046574
                   7,            0.089128,             0.02589,                   0,           0.0029412,             0.88235,            0.019705,           0.0043717,            0.082581,            0.026073,                   0,            0.050309,           0.0053094,           0.0053094
                   8,            0.090735,            0.024375,                   0,            0.002549,             0.76471,            0.011129,           0.0024504,            0.083385,            0.024781,                   0,            0.043954,           0.0059545,           0.0059545
                   9,            0.083633,            0.023429,                   0,           0.0028758,             0.86275,           0.0038965,           0.0010188,            0.091259,            0.023107,                   0,            0.037593,           0.0065926,           0.0065926
                  10,            0.080498,            0.022773,                   0,           0.0031373,             0.94118,            0.018677,           0.0032725,            0.093581,            0.019006,                   0,            0.031224,           0.0072238,           0.0072238
                  11,            0.092751,            0.017078,                   0,            0.003268,             0.98039,             0.01954,           0.0037892,            0.082415,            0.022324,                   0,            0.024848,           0.0078481,           0.0078481
                  12,             0.08324,            0.023271,                   0,            0.003268,             0.98039,            0.021112,           0.0048629,            0.092898,            0.018739,                   0,            0.018465,           0.0084654,           0.0084654
                  13,            0.088871,            0.020352,                   0,            0.003268,             0.98039,            0.021112,           0.0048629,            0.092898,            0.018739,                   0,            0.012076,           0.0090758,           0.0090758
                  14,             0.08519,            0.017251,                   0,           0.0033333,                   1,              0.0533,            0.013002,            0.087963,            0.019799,                   0,            0.009307,            0.009307,            0.009307
                  15,            0.079579,            0.022386,                   0,           0.0032026,             0.96078,            0.037311,           0.0083464,            0.084299,            0.020205,                   0,            0.009307,            0.009307,            0.009307
                  16,            0.077589,            0.021894,                   0,           0.0033333,                   1,            0.048639,           0.0086838,            0.073529,            0.021734,                   0,           0.0092575,           0.0092575,           0.0092575
                  17,             0.08036,            0.018319,                   0,            0.003268,             0.98039,             0.25428,            0.064317,            0.097556,            0.016078,                   0,            0.009208,            0.009208,            0.009208
                  18,            0.085959,            0.017921,                   0,           0.0033333,                   1,            0.032936,           0.0087839,            0.077516,            0.018766,                   0,           0.0091585,           0.0091585,           0.0091585
                  19,            0.079404,            0.021319,                   0,            0.012093,             0.98039,             0.25249,            0.049196,            0.079361,            0.018173,                   0,            0.009109,            0.009109,            0.009109
                  20,            0.077082,             0.01911,                   0,           0.0033333,                   1,             0.19024,            0.045478,            0.071177,            0.020052,                   0,           0.0090595,           0.0090595,           0.0090595
                  21,            0.072679,            0.017529,                   0,           0.0033333,                   1,             0.19024,            0.045478,            0.071177,            0.020052,                   0,             0.00901,             0.00901,             0.00901
                  22,            0.073462,            0.022076,                   0,           0.0033333,                   1,              0.2169,             0.07472,             0.07427,            0.019708,                   0,           0.0089605,           0.0089605,           0.0089605
                  23,            0.070727,            0.021087,                   0,            0.016067,             0.96078,             0.57961,             0.20779,            0.074966,            0.019481,                   0,            0.008911,            0.008911,            0.008911
                  24,            0.065031,            0.019832,                   0,             0.80401,             0.72398,             0.80957,             0.22365,            0.066537,            0.020196,                   0,           0.0088615,           0.0088615,           0.0088615
                  25,             0.07295,            0.016398,                   0,             0.41595,             0.43291,             0.43237,              0.1228,            0.092844,            0.014534,                   0,            0.008812,            0.008812,            0.008812
                  26,            0.077853,            0.017807,                   0,             0.82669,              0.5613,             0.80777,              0.1854,            0.064777,            0.020235,                   0,           0.0087625,           0.0087625,           0.0087625
                  27,            0.067375,            0.019642,                   0,             0.63338,              0.7792,             0.72387,             0.20152,            0.082508,            0.017106,                   0,            0.008713,            0.008713,            0.008713
                  28,             0.07322,            0.019423,                   0,             0.51772,             0.58939,             0.47989,             0.12538,            0.061795,            0.020582,                   0,           0.0086635,           0.0086635,           0.0086635
                  29,            0.063673,            0.020915,                   0,             0.51772,             0.58939,             0.47989,             0.12538,            0.061795,            0.020582,                   0,            0.008614,            0.008614,            0.008614
                  30,            0.066511,            0.019027,                   0,             0.50446,             0.59891,             0.44357,             0.11457,            0.065527,            0.020168,                   0,           0.0085645,           0.0085645,           0.0085645
                  31,            0.060468,            0.019191,                   0,             0.75061,             0.76723,              0.8547,             0.32727,            0.057784,            0.021013,                   0,            0.008515,            0.008515,            0.008515
                  32,            0.059598,            0.019275,                   0,             0.68662,             0.73042,             0.83186,             0.31417,            0.056686,            0.020189,                   0,           0.0084655,           0.0084655,           0.0084655
                  33,            0.064061,            0.016924,                   0,             0.42463,             0.72357,             0.46169,             0.11914,            0.062393,            0.019092,                   0,            0.008416,            0.008416,            0.008416
                  34,            0.061126,            0.017862,                   0,             0.51515,             0.66667,             0.54524,             0.13901,            0.064022,            0.018631,                   0,           0.0083665,           0.0083665,           0.0083665
                  35,            0.062166,            0.018217,                   0,             0.28987,             0.60784,             0.26264,            0.062869,            0.063535,            0.017939,                   0,            0.008317,            0.008317,            0.008317
                  36,            0.063078,            0.017063,                   0,              0.5578,             0.80392,             0.58656,             0.18914,            0.060664,            0.017654,                   0,           0.0082675,           0.0082675,           0.0082675
                  37,            0.062459,            0.017051,                   0,              0.5578,             0.80392,             0.58656,             0.18914,            0.060664,            0.017654,                   0,            0.008218,            0.008218,            0.008218
                  38,            0.059572,            0.015557,                   0,             0.59406,             0.78431,             0.64678,             0.24107,            0.057386,             0.01792,                   0,           0.0081685,           0.0081685,           0.0081685
                  39,            0.053202,             0.01701,                   0,             0.86731,             0.72549,             0.85645,             0.39725,            0.047645,             0.01941,                   0,            0.008119,            0.008119,            0.008119
                  40,            0.050085,             0.01516,                   0,               0.825,             0.72549,             0.86612,             0.32021,            0.043641,            0.019179,                   0,           0.0080695,           0.0080695,           0.0080695
                  41,            0.051807,            0.017752,                   0,              0.5944,             0.62745,             0.69697,             0.22453,             0.05999,            0.017262,                   0,             0.00802,             0.00802,             0.00802
                  42,            0.063799,            0.013996,                   0,               0.496,             0.69474,             0.57752,              0.1852,            0.062364,            0.016239,                   0,           0.0079705,           0.0079705,           0.0079705
                  43,            0.062847,            0.013295,                   0,              0.5722,             0.68195,             0.69674,             0.30934,            0.059287,            0.016065,                   0,            0.007921,            0.007921,            0.007921
                  44,             0.06027,            0.014788,                   0,             0.57264,             0.73573,             0.74223,             0.41797,            0.057306,             0.01504,                   0,           0.0078715,           0.0078715,           0.0078715
                  45,            0.057095,            0.013929,                   0,             0.57264,             0.73573,             0.74223,             0.41797,            0.057306,             0.01504,                   0,            0.007822,            0.007822,            0.007822
                  46,            0.053573,            0.013584,                   0,             0.72037,             0.80825,             0.87651,             0.48714,            0.055731,            0.014581,                   0,           0.0077725,           0.0077725,           0.0077725
                  47,             0.04932,            0.015179,                   0,             0.88584,             0.82353,             0.93758,             0.48902,            0.044311,            0.016063,                   0,            0.007723,            0.007723,            0.007723
                  48,            0.044735,            0.016163,                   0,             0.79667,             0.84511,             0.90781,              0.4718,            0.044568,            0.015807,                   0,           0.0076735,           0.0076735,           0.0076735
                  49,            0.049825,            0.015689,                   0,              0.8035,             0.80392,             0.87685,             0.37134,            0.046862,             0.01545,                   0,            0.007624,            0.007624,            0.007624
                  50,            0.057508,            0.014206,                   0,             0.91679,             0.88235,             0.95114,             0.46586,            0.048497,            0.014145,                   0,           0.0075745,           0.0075745,           0.0075745
                  51,            0.053623,            0.013727,                   0,             0.50883,             0.95473,              0.6386,             0.19975,            0.053454,            0.013742,                   0,            0.007525,            0.007525,            0.007525
                  52,            0.054258,            0.012758,                   0,             0.64707,             0.86275,              0.8255,             0.44974,            0.045667,            0.014237,                   0,           0.0074755,           0.0074755,           0.0074755
                  53,            0.048566,            0.013828,                   0,             0.64707,             0.86275,              0.8255,             0.44974,            0.045667,            0.014237,                   0,            0.007426,            0.007426,            0.007426
                  54,            0.048791,            0.012942,                   0,             0.68202,             0.90196,             0.83904,             0.48599,            0.044316,             0.01413,                   0,           0.0073765,           0.0073765,           0.0073765
                  55,            0.043456,             0.01235,                   0,             0.84985,             0.99881,             0.97368,             0.52448,            0.038653,            0.014591,                   0,            0.007327,            0.007327,            0.007327
                  56,            0.043428,            0.013716,                   0,             0.83693,                   1,             0.94644,             0.55831,            0.037474,             0.01403,                   0,           0.0072775,           0.0072775,           0.0072775
                  57,            0.047011,            0.012556,                   0,             0.89006,             0.95252,             0.95755,             0.40725,            0.040468,            0.013575,                   0,            0.007228,            0.007228,            0.007228
                  58,            0.048086,            0.010947,                   0,              0.6917,             0.83592,             0.82478,             0.37572,            0.044466,            0.013269,                   0,           0.0071785,           0.0071785,           0.0071785
                  59,            0.049878,            0.011937,                   0,             0.69805,                   1,             0.81276,             0.38383,            0.044171,            0.013081,                   0,            0.007129,            0.007129,            0.007129
                  60,            0.046264,            0.010584,                   0,             0.78482,             0.85824,             0.90158,             0.47287,             0.04359,             0.01288,                   0,           0.0070795,           0.0070795,           0.0070795
                  61,            0.046377,             0.01298,                   0,             0.78482,             0.85824,             0.90158,             0.47287,             0.04359,             0.01288,                   0,             0.00703,             0.00703,             0.00703
                  62,            0.049021,            0.011598,                   0,             0.62504,             0.84987,              0.8318,             0.44596,            0.050414,             0.01211,                   0,           0.0069805,           0.0069805,           0.0069805
                  63,            0.042382,            0.012403,                   0,             0.87286,             0.98039,             0.97708,             0.50589,            0.038191,            0.012943,                   0,            0.006931,            0.006931,            0.006931
                  64,            0.041106,            0.011102,                   0,              0.8503,             0.98039,             0.97254,             0.58475,             0.03515,            0.012754,                   0,           0.0068815,           0.0068815,           0.0068815
                  65,            0.041697,            0.011265,                   0,             0.69513,             0.98039,              0.8978,             0.43773,            0.039029,            0.012469,                   0,            0.006832,            0.006832,            0.006832
                  66,            0.044408,            0.011031,                   0,             0.98865,             0.90196,             0.99061,             0.58603,            0.042365,            0.011596,                   0,           0.0067825,           0.0067825,           0.0067825
                  67,            0.048432,            0.010642,                   0,             0.92306,             0.98039,             0.96276,             0.37257,            0.043325,            0.011909,                   0,            0.006733,            0.006733,            0.006733
                  68,            0.044282,            0.011516,                   0,             0.81389,             0.98039,             0.92106,             0.40562,            0.044947,            0.011234,                   0,           0.0066835,           0.0066835,           0.0066835
                  69,            0.047192,            0.011359,                   0,             0.81389,             0.98039,             0.92106,             0.40562,            0.044947,            0.011234,                   0,            0.006634,            0.006634,            0.006634
                  70,            0.045622,            0.010663,                   0,              0.9109,             0.98039,             0.98654,             0.43403,            0.044481,            0.011082,                   0,           0.0065845,           0.0065845,           0.0065845
                  71,            0.039739,            0.012263,                   0,                   1,              0.9972,               0.995,             0.51507,            0.033088,            0.011925,                   0,            0.006535,            0.006535,            0.006535
                  72,            0.040757,            0.012531,                   0,                   1,             0.99628,               0.995,             0.54022,             0.03549,            0.011454,                   0,           0.0064855,           0.0064855,           0.0064855
                  73,            0.047222,             0.01227,                   0,             0.76989,             0.85291,             0.86075,             0.25118,            0.044408,            0.011355,                   0,            0.006436,            0.006436,            0.006436
                  74,             0.04697,            0.011093,                   0,             0.99072,             0.98039,             0.99444,             0.58836,            0.038761,            0.010981,                   0,           0.0063865,           0.0063865,           0.0063865
                  75,            0.040047,            0.010618,                   0,             0.86185,             0.97861,             0.93154,             0.49171,            0.036602,            0.011146,                   0,            0.006337,            0.006337,            0.006337
                  76,            0.049338,            0.011394,                   0,             0.98029,             0.97519,             0.99244,             0.52766,            0.036975,            0.010972,                   0,           0.0062875,           0.0062875,           0.0062875
                  77,            0.041361,            0.010287,                   0,             0.98029,             0.97519,             0.99244,             0.52766,            0.036975,            0.010972,                   0,            0.006238,            0.006238,            0.006238
                  78,             0.03994,            0.010218,                   0,              0.9954,             0.98039,             0.99427,             0.58098,            0.039137,            0.010636,                   0,           0.0061885,           0.0061885,           0.0061885
                  79,            0.039622,           0.0097457,                   0,             0.99676,                   1,               0.995,             0.65434,            0.031581,            0.010883,                   0,            0.006139,            0.006139,            0.006139
                  80,             0.03693,            0.011172,                   0,              0.9957,                   1,               0.995,             0.65554,            0.033414,            0.010674,                   0,           0.0060895,           0.0060895,           0.0060895
                  81,             0.03987,            0.010752,                   0,             0.99668,                   1,               0.995,             0.51828,            0.036811,            0.010455,                   0,             0.00604,             0.00604,             0.00604
                  82,            0.041071,             0.01108,                   0,             0.95899,             0.98039,              0.9784,             0.40224,            0.036159,            0.010439,                   0,           0.0059905,           0.0059905,           0.0059905
                  83,             0.03996,           0.0099926,                   0,              0.9759,                   1,             0.99481,             0.53219,            0.038109,            0.010225,                   0,            0.005941,            0.005941,            0.005941
                  84,            0.041907,            0.010274,                   0,             0.99646,                   1,               0.995,             0.58565,            0.033398,             0.01021,                   0,           0.0058915,           0.0058915,           0.0058915
                  85,            0.039791,            0.010831,                   0,             0.99646,                   1,               0.995,             0.58565,            0.033398,             0.01021,                   0,            0.005842,            0.005842,            0.005842
                  86,            0.040709,           0.0098449,                   0,             0.99568,                   1,               0.995,             0.56262,             0.03524,            0.010093,                   0,           0.0057925,           0.0057925,           0.0057925
                  87,            0.037405,            0.011224,                   0,             0.99474,                   1,               0.995,             0.57448,            0.031206,            0.010181,                   0,            0.005743,            0.005743,            0.005743
                  88,            0.035006,            0.011273,                   0,             0.99502,                   1,               0.995,             0.60432,            0.030673,            0.010158,                   0,           0.0056935,           0.0056935,           0.0056935
                  89,            0.037151,           0.0094916,                   0,              0.9952,                   1,               0.995,               0.602,            0.034012,           0.0099239,                   0,            0.005644,            0.005644,            0.005644
                  90,            0.038442,            0.010283,                   0,             0.98336,                   1,               0.995,              0.5851,            0.033222,           0.0097432,                   0,           0.0055945,           0.0055945,           0.0055945
                  91,            0.038154,            0.010026,                   0,             0.97517,                   1,             0.99212,             0.46476,            0.034802,           0.0096275,                   0,            0.005545,            0.005545,            0.005545
                  92,            0.039518,           0.0093436,                   0,             0.99721,                   1,               0.995,             0.64682,            0.033389,           0.0093233,                   0,           0.0054955,           0.0054955,           0.0054955
                  93,            0.039647,           0.0092769,                   0,             0.99721,                   1,               0.995,             0.64682,            0.033389,           0.0093233,                   0,            0.005446,            0.005446,            0.005446
                  94,            0.039544,           0.0090141,                   0,             0.99694,                   1,               0.995,             0.64326,            0.032174,           0.0093238,                   0,           0.0053965,           0.0053965,           0.0053965
                  95,            0.034327,           0.0093262,                   0,             0.99727,                   1,               0.995,             0.62091,            0.029484,           0.0094328,                   0,            0.005347,            0.005347,            0.005347
                  96,            0.033101,            0.010283,                   0,             0.97714,             0.98039,              0.9777,             0.53314,            0.033578,           0.0093373,                   0,           0.0052975,           0.0052975,           0.0052975
                  97,            0.034951,           0.0097678,                   0,             0.97604,                   1,             0.99404,              0.4987,            0.032847,            0.009307,                   0,            0.005248,            0.005248,            0.005248
                  98,             0.03709,            0.010131,                   0,             0.97686,             0.98039,             0.97725,             0.49465,            0.032531,           0.0093293,                   0,           0.0051985,           0.0051985,           0.0051985
                  99,            0.037236,            0.009049,                   0,             0.99774,                   1,               0.995,             0.56118,            0.031242,           0.0092342,                   0,            0.005149,            0.005149,            0.005149
                 100,            0.037536,           0.0094934,                   0,               0.978,             0.98039,             0.97425,             0.44984,            0.035831,           0.0091444,                   0,           0.0050995,           0.0050995,           0.0050995
                 101,            0.036159,           0.0096038,                   0,               0.978,             0.98039,             0.97425,             0.44984,            0.035831,           0.0091444,                   0,             0.00505,             0.00505,             0.00505
                 102,            0.035285,            0.010184,                   0,             0.97746,             0.98039,             0.97346,             0.45124,            0.035033,           0.0092193,                   0,           0.0050005,           0.0050005,           0.0050005
                 103,            0.032795,           0.0086637,                   0,             0.99771,                   1,               0.995,             0.64375,            0.028256,           0.0093769,                   0,            0.004951,            0.004951,            0.004951
                 104,            0.032785,           0.0086738,                   0,             0.99782,                   1,               0.995,             0.65109,            0.029293,           0.0091761,                   0,           0.0049015,           0.0049015,           0.0049015
                 105,            0.034551,            0.010016,                   0,             0.94068,                   1,             0.99368,             0.55849,            0.034404,           0.0089666,                   0,            0.004852,            0.004852,            0.004852
                 106,            0.038583,           0.0095778,                   0,             0.99831,                   1,               0.995,             0.67187,            0.027707,           0.0090166,                   0,           0.0048025,           0.0048025,           0.0048025
                 107,            0.032287,           0.0093798,                   0,             0.98066,             0.99453,             0.99404,             0.63694,            0.033036,           0.0088259,                   0,            0.004753,            0.004753,            0.004753
                 108,            0.037174,           0.0086187,                   0,             0.99825,                   1,               0.995,             0.66516,            0.030079,           0.0087187,                   0,           0.0047035,           0.0047035,           0.0047035
                 109,            0.033581,            0.009895,                   0,             0.99825,                   1,               0.995,             0.66516,            0.030079,           0.0087187,                   0,            0.004654,            0.004654,            0.004654
                 110,            0.031681,           0.0094572,                   0,             0.99827,                   1,               0.995,             0.65927,            0.030732,           0.0086526,                   0,           0.0046045,           0.0046045,           0.0046045
                 111,            0.033039,           0.0084316,                   0,             0.99827,                   1,               0.995,             0.66576,            0.028986,           0.0086763,                   0,            0.004555,            0.004555,            0.004555
                 112,            0.033896,           0.0075151,                   0,              0.9983,                   1,               0.995,             0.65234,            0.030474,           0.0086733,                   0,           0.0045055,           0.0045055,           0.0045055
                 113,            0.031768,           0.0080016,                   0,             0.99825,                   1,               0.995,             0.65781,            0.028543,           0.0087584,                   0,            0.004456,            0.004456,            0.004456
                 114,            0.031075,           0.0092739,                   0,             0.99816,                   1,               0.995,             0.58101,            0.028374,            0.008799,                   0,           0.0044065,           0.0044065,           0.0044065
                 115,            0.033772,           0.0092838,                   0,             0.99667,                   1,               0.995,             0.55525,             0.03167,           0.0087692,                   0,            0.004357,            0.004357,            0.004357
                 116,            0.030501,            0.010147,                   0,             0.99814,                   1,               0.995,             0.54804,            0.030018,           0.0085964,                   0,           0.0043075,           0.0043075,           0.0043075
                 117,            0.032801,            0.007822,                   0,             0.99814,                   1,               0.995,             0.54804,            0.030018,           0.0085964,                   0,            0.004258,            0.004258,            0.004258
                 118,            0.032582,           0.0092934,                   0,              0.9981,                   1,               0.995,             0.52977,            0.030362,           0.0085802,                   0,           0.0042085,           0.0042085,           0.0042085
                 119,            0.029361,           0.0090535,                   0,             0.99834,                   1,               0.995,             0.65259,            0.025389,           0.0086228,                   0,            0.004159,            0.004159,            0.004159
                 120,            0.028892,           0.0082019,                   0,             0.99817,                   1,               0.995,             0.65643,            0.026999,           0.0085642,                   0,           0.0041095,           0.0041095,           0.0041095
                 121,            0.033068,           0.0082279,                   0,             0.99742,                   1,               0.995,             0.61589,            0.029704,           0.0084294,                   0,             0.00406,             0.00406,             0.00406
                 122,            0.033503,           0.0092509,                   0,             0.99805,                   1,               0.995,             0.62976,            0.027182,           0.0084974,                   0,           0.0040105,           0.0040105,           0.0040105
                 123,            0.030944,           0.0091504,                   0,             0.99755,                   1,               0.995,             0.60802,            0.028803,           0.0084233,                   0,            0.003961,            0.003961,            0.003961
                 124,            0.034827,           0.0088962,                   0,             0.99795,                   1,               0.995,             0.60647,            0.027713,           0.0084014,                   0,           0.0039115,           0.0039115,           0.0039115
                 125,            0.029998,           0.0084874,                   0,             0.99795,                   1,               0.995,             0.60647,            0.027713,           0.0084014,                   0,            0.003862,            0.003862,            0.003862
                 126,             0.02988,           0.0086947,                   0,             0.99779,                   1,               0.995,             0.60142,            0.028246,           0.0083651,                   0,           0.0038125,           0.0038125,           0.0038125
                 127,            0.030346,           0.0082997,                   0,             0.99745,                   1,               0.995,             0.70302,            0.023405,           0.0083605,                   0,            0.003763,            0.003763,            0.003763
                 128,            0.028927,           0.0082757,                   0,             0.99799,                   1,               0.995,               0.667,             0.02633,           0.0082431,                   0,           0.0037135,           0.0037135,           0.0037135
                 129,            0.034667,           0.0083835,                   0,             0.99806,                   1,               0.995,             0.60353,            0.029554,           0.0082892,                   0,            0.003664,            0.003664,            0.003664
                 130,            0.033251,           0.0087459,                   0,             0.99813,                   1,               0.995,             0.66877,            0.023849,           0.0082893,                   0,           0.0036145,           0.0036145,           0.0036145
                 131,            0.027927,             0.00864,                   0,             0.99495,                   1,               0.995,             0.60841,            0.026973,            0.008264,                   0,            0.003565,            0.003565,            0.003565
                 132,             0.03236,           0.0086482,                   0,             0.99778,                   1,               0.995,             0.63331,            0.024834,           0.0082023,                   0,           0.0035155,           0.0035155,           0.0035155
                 133,            0.027219,           0.0079061,                   0,             0.99778,                   1,               0.995,             0.63331,            0.024834,           0.0082023,                   0,            0.003466,            0.003466,            0.003466
                 134,            0.028375,           0.0078256,                   0,             0.99758,                   1,               0.995,             0.61219,            0.025933,           0.0081596,                   0,           0.0034165,           0.0034165,           0.0034165
                 135,            0.027911,            0.008689,                   0,             0.99768,                   1,               0.995,             0.65586,            0.023545,           0.0081052,                   0,            0.003367,            0.003367,            0.003367
                 136,            0.030136,           0.0073633,                   0,             0.99769,                   1,               0.995,             0.67093,            0.024992,           0.0080011,                   0,           0.0033175,           0.0033175,           0.0033175
                 137,            0.033107,           0.0087689,                   0,             0.99765,                   1,               0.995,             0.62726,            0.027659,           0.0079958,                   0,            0.003268,            0.003268,            0.003268
                 138,            0.027638,            0.007955,                   0,             0.99825,                   1,               0.995,             0.65224,            0.024804,           0.0080693,                   0,           0.0032185,           0.0032185,           0.0032185
                 139,            0.028158,           0.0077473,                   0,             0.99756,                   1,               0.995,             0.63559,              0.0263,            0.008031,                   0,            0.003169,            0.003169,            0.003169
                 140,            0.030394,           0.0079761,                   0,             0.99803,                   1,               0.995,             0.70333,            0.023578,           0.0079115,                   0,           0.0031195,           0.0031195,           0.0031195
                 141,            0.029234,           0.0083719,                   0,             0.99803,                   1,               0.995,             0.70333,            0.023578,           0.0079115,                   0,             0.00307,             0.00307,             0.00307
                 142,            0.029421,           0.0081487,                   0,             0.99836,                   1,               0.995,             0.69902,            0.024563,           0.0078677,                   0,           0.0030205,           0.0030205,           0.0030205
                 143,            0.028718,           0.0081105,                   0,             0.99843,                   1,               0.995,             0.70282,            0.023299,           0.0079104,                   0,            0.002971,            0.002971,            0.002971
                 144,            0.026258,           0.0077069,                   0,             0.99806,                   1,               0.995,             0.71023,            0.022427,           0.0078708,                   0,           0.0029215,           0.0029215,           0.0029215
                 145,            0.026708,           0.0084198,                   0,             0.99858,                   1,               0.995,             0.72095,            0.022753,           0.0078154,                   0,            0.002872,            0.002872,            0.002872
                 146,            0.028365,           0.0082851,                   0,             0.99811,                   1,               0.995,             0.69647,            0.025285,            0.007832,                   0,           0.0028225,           0.0028225,           0.0028225
                 147,            0.030075,           0.0080106,                   0,             0.99861,                   1,               0.995,             0.69857,             0.02525,           0.0077463,                   0,            0.002773,            0.002773,            0.002773
                 148,            0.028367,           0.0090099,                   0,             0.99796,                   1,               0.995,             0.69122,            0.023841,            0.007855,                   0,           0.0027235,           0.0027235,           0.0027235
                 149,            0.029737,            0.007209,                   0,             0.99796,                   1,               0.995,             0.69122,            0.023841,            0.007855,                   0,            0.002674,            0.002674,            0.002674
                 150,            0.027538,           0.0079375,                   0,             0.99714,                   1,               0.995,             0.67165,            0.024627,           0.0078788,                   0,           0.0026245,           0.0026245,           0.0026245
                 151,            0.026567,           0.0083688,                   0,             0.99813,                   1,               0.995,             0.70619,            0.023347,            0.007783,                   0,            0.002575,            0.002575,            0.002575
                 152,            0.027203,           0.0089186,                   0,             0.99812,                   1,               0.995,             0.70972,            0.023276,           0.0076965,                   0,           0.0025255,           0.0025255,           0.0025255
                 153,            0.027999,           0.0083521,                   0,             0.99844,                   1,               0.995,             0.71778,            0.023156,           0.0076726,                   0,            0.002476,            0.002476,            0.002476
                 154,            0.025548,           0.0072557,                   0,             0.99811,                   1,               0.995,             0.68787,            0.024361,           0.0076799,                   0,           0.0024265,           0.0024265,           0.0024265
                 155,            0.027982,           0.0082867,                   0,              0.9982,                   1,               0.995,             0.71984,            0.021884,           0.0076811,                   0,            0.002377,            0.002377,            0.002377
                 156,            0.026144,           0.0075074,                   0,             0.99819,                   1,               0.995,             0.68854,            0.022868,           0.0076799,                   0,           0.0023275,           0.0023275,           0.0023275
                 157,            0.026861,           0.0074748,                   0,             0.99819,                   1,               0.995,             0.68854,            0.022868,           0.0076799,                   0,            0.002278,            0.002278,            0.002278
                 158,             0.02946,           0.0084687,                   0,             0.99812,                   1,               0.995,             0.66385,            0.024435,           0.0077184,                   0,           0.0022285,           0.0022285,           0.0022285
                 159,            0.027323,           0.0086396,                   0,             0.99812,                   1,               0.995,              0.7016,            0.023168,           0.0076859,                   0,            0.002179,            0.002179,            0.002179
                 160,            0.026841,           0.0076995,                   0,             0.99843,                   1,               0.995,             0.69884,            0.021984,           0.0076902,                   0,           0.0021295,           0.0021295,           0.0021295
                 161,            0.024644,           0.0088314,                   0,             0.99846,                   1,               0.995,             0.71531,            0.021926,           0.0076678,                   0,             0.00208,             0.00208,             0.00208
                 162,            0.024622,           0.0068009,                   0,             0.99844,                   1,               0.995,             0.68427,            0.023927,           0.0076769,                   0,           0.0020305,           0.0020305,           0.0020305
                 163,             0.02721,           0.0075079,                   0,             0.99819,                   1,               0.995,             0.71501,            0.022213,           0.0076734,                   0,            0.001981,            0.001981,            0.001981
                 164,            0.026187,           0.0080372,                   0,             0.99841,                   1,               0.995,             0.71583,            0.022399,           0.0076065,                   0,           0.0019315,           0.0019315,           0.0019315
                 165,            0.025837,            0.009101,                   0,             0.99841,                   1,               0.995,             0.71583,            0.022399,           0.0076065,                   0,            0.001882,            0.001882,            0.001882
                 166,            0.027569,           0.0085016,                   0,             0.99859,                   1,               0.995,             0.70346,            0.023129,           0.0075997,                   0,           0.0018325,           0.0018325,           0.0018325
                 167,            0.023542,           0.0079219,                   0,             0.99858,                   1,               0.995,             0.70564,            0.022545,           0.0076155,                   0,            0.001783,            0.001783,            0.001783
                 168,            0.025489,           0.0078873,                   0,              0.9983,                   1,               0.995,             0.72477,            0.022219,           0.0075922,                   0,           0.0017335,           0.0017335,           0.0017335
                 169,            0.025607,           0.0079359,                   0,             0.99803,                   1,               0.995,             0.72061,            0.022294,           0.0075679,                   0,            0.001684,            0.001684,            0.001684
                 170,            0.025839,           0.0080812,                   0,             0.99838,                   1,               0.995,               0.725,            0.021333,           0.0075231,                   0,           0.0016345,           0.0016345,           0.0016345
                 171,            0.025387,           0.0073257,                   0,             0.99862,                   1,               0.995,             0.66051,            0.023974,           0.0075881,                   0,            0.001585,            0.001585,            0.001585
                 172,              0.0265,           0.0080276,                   0,             0.99839,                   1,               0.995,             0.71036,            0.021915,           0.0074811,                   0,           0.0015355,           0.0015355,           0.0015355
                 173,            0.023596,           0.0082287,                   0,             0.99839,                   1,               0.995,             0.71036,            0.021915,           0.0074811,                   0,            0.001486,            0.001486,            0.001486
                 174,            0.026037,           0.0080444,                   0,             0.99843,                   1,               0.995,             0.71385,            0.022512,           0.0074566,                   0,           0.0014365,           0.0014365,           0.0014365
                 175,            0.024542,           0.0086808,                   0,             0.99864,                   1,               0.995,             0.72256,            0.022086,           0.0074599,                   0,            0.001387,            0.001387,            0.001387
                 176,            0.025708,           0.0084621,                   0,             0.99838,                   1,               0.995,             0.73157,            0.021195,           0.0074395,                   0,           0.0013375,           0.0013375,           0.0013375
                 177,            0.024515,            0.008991,                   0,             0.99861,                   1,               0.995,             0.73355,            0.020856,           0.0074259,                   0,            0.001288,            0.001288,            0.001288
                 178,            0.023478,           0.0074771,                   0,             0.99863,                   1,               0.995,             0.73595,            0.020567,           0.0074223,                   0,           0.0012385,           0.0012385,           0.0012385
                 179,            0.023716,           0.0077962,                   0,             0.99863,                   1,               0.995,             0.72722,            0.020502,           0.0074128,                   0,            0.001189,            0.001189,            0.001189
                 180,            0.024341,           0.0072633,                   0,             0.99844,                   1,               0.995,             0.74449,            0.020837,           0.0074058,                   0,           0.0011395,           0.0011395,           0.0011395
                 181,            0.024055,            0.008375,                   0,             0.99844,                   1,               0.995,             0.74449,            0.020837,           0.0074058,                   0,             0.00109,             0.00109,             0.00109
                 182,            0.023205,           0.0074758,                   0,             0.99842,                   1,               0.995,             0.73396,            0.021841,           0.0073929,                   0,           0.0010405,           0.0010405,           0.0010405
                 183,            0.025561,           0.0072354,                   0,             0.99842,                   1,               0.995,             0.73099,            0.021774,           0.0073814,                   0,            0.000991,            0.000991,            0.000991
                 184,            0.024327,           0.0072885,                   0,             0.99843,                   1,               0.995,             0.73471,            0.021086,           0.0073805,                   0,           0.0009415,           0.0009415,           0.0009415
                 185,             0.02262,           0.0078391,                   0,             0.99843,                   1,               0.995,             0.74353,            0.020043,           0.0073868,                   0,            0.000892,            0.000892,            0.000892
                 186,            0.022211,             0.00769,                   0,             0.99866,                   1,               0.995,             0.74494,            0.020038,           0.0073805,                   0,           0.0008425,           0.0008425,           0.0008425
                 187,            0.022085,           0.0084901,                   0,             0.99868,                   1,               0.995,             0.75303,            0.019912,           0.0073521,                   0,            0.000793,            0.000793,            0.000793
                 188,            0.022411,           0.0077796,                   0,             0.99866,                   1,               0.995,             0.73936,            0.020053,           0.0073446,                   0,           0.0007435,           0.0007435,           0.0007435
                 189,            0.023767,           0.0076029,                   0,             0.99866,                   1,               0.995,             0.73936,            0.020053,           0.0073446,                   0,            0.000694,            0.000694,            0.000694
                 190,            0.022435,           0.0075077,                   0,             0.99867,                   1,               0.995,             0.73578,            0.020141,           0.0073366,                   0,           0.0006445,           0.0006445,           0.0006445
                 191,             0.02424,           0.0075333,                   0,             0.99865,                   1,               0.995,             0.73513,            0.020138,           0.0073247,                   0,            0.000595,            0.000595,            0.000595
                 192,            0.023052,           0.0060256,                   0,             0.99866,                   1,               0.995,             0.73204,            0.020163,           0.0073189,                   0,           0.0005455,           0.0005455,           0.0005455
                 193,            0.024527,           0.0077155,                   0,             0.99867,                   1,               0.995,             0.73321,            0.020143,           0.0073117,                   0,            0.000496,            0.000496,            0.000496
                 194,            0.022919,           0.0079247,                   0,              0.9987,                   1,               0.995,             0.73391,            0.020009,           0.0073089,                   0,           0.0004465,           0.0004465,           0.0004465
                 195,            0.023223,           0.0083194,                   0,             0.99868,                   1,               0.995,             0.73959,            0.019819,           0.0073107,                   0,            0.000397,            0.000397,            0.000397
                 196,            0.021712,           0.0074296,                   0,             0.99869,                   1,               0.995,              0.7359,            0.019743,           0.0073102,                   0,           0.0003475,           0.0003475,           0.0003475
                 197,            0.022712,           0.0088128,                   0,             0.99869,                   1,               0.995,              0.7359,            0.019743,           0.0073102,                   0,            0.000298,            0.000298,            0.000298
                 198,            0.022954,           0.0075588,                   0,             0.99869,                   1,               0.995,             0.73852,            0.019743,           0.0073013,                   0,           0.0002485,           0.0002485,           0.0002485
                 199,            0.022429,           0.0077566,                   0,             0.99867,                   1,               0.995,             0.74199,            0.019776,           0.0072969,                   0,            0.000199,            0.000199,            0.000199
